relative_path	baseline_lf_sha256	candidate_lf_sha256
EpinelPS/Database/ClassicSoloRaidPersistenceCoordinator.cs	79f9bf31814d2df6a802090c110f01d9096944b49e54ddae7621726ac26a4cc4	004e23b7ac5f0e5097f3457c8c0433c8cdb3c43cba1955cf1ed13732ba8e69b0
EpinelPS/Database/JsonDb.cs	a88a1f119197ded9d54032fdea75f5332f992945514a1983b06cd058adf3ac10	98c35cd3ccc6f4d307c0a4b3de695025eb74ace41c0f777fe0409bcb4f12c4f8
EpinelPS/Models/DbModels.cs	8f462c32459c4fe2a4ae2ea927f648e23047a012df2ab8895a8b032347f32102	be565a7cc9b75e1771a23da9fce7e00f5e6dadf56def2afccfe534fc4fef984d
EpinelPS/Models/UserModel.cs	e85d2cd934f8606242f8460f2697cd944008a9dc3e8221408ceb07be8feb04af	8d95a6f645b2b62c02365308b930c1fa0d71bc8c7473312300207db5ea93cc04
EpinelPS/LobbyServer/Badge/DeleteBadge.cs	0337898c8914cfd66998303b33f610b5a6f5a411907093d862d45f43610f840c	9f5b2d1f36d32a3b02c4fa6e69c799e2bfd9bc987175de96b63a6c4fbd46bcb2
EpinelPS/LobbyServer/Character/SetCharacterCostume.cs	5844d8daa3a8c0d2f41104fc52b858d8eebac818d5160c272f611b53720eb350	ca9fd8d841072cfc05754c1f5658703c6390347828ee5d384ad7a70e26782f2f
EpinelPS/LobbyServer/Controllers/ContentsOpenController.cs	66f52997667b189f7504007678a2b13c000540f2e2fa693798428a5487876505	3f5ef4b323696bdba71315cf339c4bf2952fd73b841a1fac29367a34e45fc4d8
EpinelPS/LobbyServer/Jukebox/SetTableId.cs	21705d39e08cfdbad96f7b73c42e5c19a8871e3aed6c232a063a205c946c3c54	6fa1e8d6275bb6fea174e09772df07d0dc71b7b96f22eb1890480534a5a641d8
EpinelPS/LobbyServer/LobbyUser/ProfileCard/SaveDecorationLayout.cs	e0cf9bc69a5b52fe18bc325404459dd6145b97812e4f17e645c02b4f5ae5550a	4e9d44429e1f3fd9641f1bc0b058c2d06721f5bfbae8493ed3d3ca77bd884d9e
EpinelPS/LobbyServer/LobbyUser/SetProfileData.cs	bc137be658ff8d027aac84e242672e79814df9287b5a0890af558f29a819b0ef	2997462a472d1d7bce661909ee1ad63a0a57a11aa353b80979597f8d21fca1c6
EpinelPS/LobbyServer/LobbyUser/SetProfileIcon.cs	bfb820f157423f38412bbf41d2072fe635f394cab09c376fc85174364884edee	66b4fea3868ed09c6a6bbc3a0010b0f65145bac589f2df5fb77ed65a19745358
EpinelPS/LobbyServer/LobbyUser/SetUserTitle.cs	4048c722cfa2eb4eeaf1e31095fa70b130bb70881d83b29934d4949524d24187	30dd1e670b516eda4a8436987fc1f295238a729c7535ad2b062830d98d0f437b
EpinelPS/LobbyServer/LobbyUser/SetWallpaper.cs	f6b66bc105264250e89e50a6510454da9c96cbaa42330deb5b227452829a9450	a9d195b247b040e37ac0fdc4c06043ac0807579d0dec5caf689ceeded3e74c61
EpinelPS/LobbyServer/Team/SetTeam.cs	427ebb291a5d5b4b8e2cba1059c911a3a25602ce80faeacb827cd2e7243130b9	71650728fe18c05d9ef13c2dfd82a848cb53561a1e8c8f57630ded347a982d35
EpinelPS/Database/RuntimePreferencesMutation.cs	absent	c16cb859338999254d59cbb6ae34265876538e31cee65ad1d3b7629629d8bdd7
EpinelPS/Models/ClassicSoloRaidBattleReceipt.cs	absent	808509e7d4fe0c92ad73fa5eb91940079e7d6dd8cc98cc121ec81fbcf1ff08ee
EpinelPS/Models/LocalRuntimePersistenceBinding.cs	absent	cb2129bc1926d9d5ac2df0b746c6d14ceda68a67c9fab33ef74771634201ca1c
tests/EpinelPS.SelectedManager.Tests/ClassicBattleHistoryTests.cs	absent	8387bf5706ea32f24bdaa7ef9c4be4f6804bfe7bdb28963015fd479f24935ca7
tests/EpinelPS.SelectedManager.Tests/RuntimePreferencesMutationTests.cs	absent	d39605a77c55cd352e9299b544b652ac49488f487e61dd629195a61312d61dce
EpinelPS/LobbyServer/Soloraid/SoloRaidHelper.cs	a34f285ac5c3235a3cd8b096b04a44d8e6f6be468d53573b850131292fbf6ea3	cfdac0553b61b29022df23f5af16d5d041fb56a11eb59965f9923349cda34f3e
tests/EpinelPS.SelectedManager.Tests/SoloRaidRetrySemanticsTests.cs	d15a20ba10829333619f86666f236065d969508be5be38021c52e0674b84e5ee	ecf6f929f03fb5d82d41b7a6c0804fcb843a6f10ba7abfb37bd1a5e2281d983a
