EpinelPS/Data/GameData.cs	55379	8474086a0880dc2ad0a46b6f99d01d2d64bc7fe1feb7d3c7abd6326d7a30408a
EpinelPS/Database/JsonDb.cs	7305	5cf390d97de292c2bd108a1ad47d9f8de59bd15f377c6aff2fc31af34ffce669
EpinelPS/Database/LocalUnionRuntimeStore.cs	3592	fc76c04d9e2265d8d339d7032aa43a5f1532027a958f84e445ed8c326faea2ff
EpinelPS/LobbyServer/Controllers/LobbyController.cs	6505	fcf032e89ebf6e14f88d49643a5fb4040c95b7c01e830c0c8ca032f2164b16d3
EpinelPS/LobbyServer/Guild/LocalGuildQueries.cs	2610	e0e0b6b234c01e8afb66e0b2186d8178daafe429fbd6730e9c76976cbe38827f
EpinelPS/LobbyServer/Guild/LocalUnion.cs	5927	ea34d5066f4a63d20ca491cf437467a86f08f9b4df0f4619f92c44e3c37e0fa6
EpinelPS/LobbyServer/Guild/LocalUnionApi.cs	9121	a66a0f1ab9216117229fe51808e71b63422401a854fb0bcad91db6f313c4a064
EpinelPS/LobbyServer/Guild/LocalUnionContent.cs	2594	199dda2ba219bcae13cc9c3eec16cc9e2014aa002a5b2fe0c4a67ec257f3216b
EpinelPS/LobbyServer/Guild/LocalUnionEngine.cs	6334	5d51b1f8e81e2f760f40de338c609de268af9e5421fece5b06793db657c0c04b
EpinelPS/LobbyServer/Guild/LocalUnionRoutes.cs	7184	02e08bb6ecac871c28952ec8f88ba551203b780c9ffa04398ea2b68125c78b82
EpinelPS/LobbyServer/Guild/LocalUnionTeams.cs	2972	2d2b19c97153742ca6e783ad6092b08987a03f0ef5656eed9ea9873a1d24f19e
EpinelPS/LobbyServer/LobbyHandlerRegistry.cs	3831	c230a255eb7de4153bed5f8a2d96d8b15360fe677fdf12240e99ce54131df91b
EpinelPS/LobbyServer/LobbyUser/GetContentsData.cs	3230	ff7ede3939c8a6749e69d346fbe44509af535f115cf3a235c95234be79e95249
EpinelPS/LobbyServer/LobbyUser/GetUser.cs	2467	d32a26e3f1c55dccd4ea89740ed75bc3e8e6d5e5a86e6b8523bfc035c06bb98c
EpinelPS/LobbyServer/Team/SetTeam.cs	4555	25e325603de340156ba8f61673c6889cbfcba58e83a5de764293015fb54b3321
EpinelPS/Models/LocalUnionProgress.cs	1813	f9deb4f07ba1ad60c1a88c3305644f72e564b042bf6a425edce587b662ef2985
EpinelPS/Models/LocalUnionRaidState.cs	525	ebd85979a711c87a5d983059e9591b70666ec07cd54b318d9794268a20c8f6ec
EpinelPS/Models/UserModel.cs	29331	dcb4981aca1c26baf8bb84bd0ca6af9fd28d6e04bd68c5d650324e9efb522a5f
tests/EpinelPS.SelectedManager.Tests/LocalContentOpeningTests.cs	4375	472e1df4bcb65a1ef65dce67d7131a7dc12918831727b65df1fc4812dda5eef1
tests/EpinelPS.SelectedManager.Tests/LocalUnionRuntimeTests.cs	7912	03a3f7287808ed634938fe08b51660942c3021f49a4e5029ecdf85b1d193956e
tests/EpinelPS.SelectedManager.Tests/LocalUnionTests.cs	8641	f0fbf7719c7d0216ee38a87450fa796d14feed4bcd85d2c1a47989f5b8b4cab8
