EpinelPS/LobbyServer/Soloraid/ClassicSoloRaidPeriodProvider.cs	2361	1b94449d3b5743481d87104e861c162dea6329d4cf967a495d028bce64fe1c51
EpinelPS/LobbyServer/Soloraid/ClassicSoloRaidRouteExecutor.cs	15656	85b767b04c78d9b464049aef36e6e8cf3978165166953d720d4bb84b73342144
EpinelPS/LobbyServer/Soloraid/ClassicSoloRaidRoutePolicy.cs	3964	f8b0e461e8245db78528de2b2bcbb35f8c6788d5c58ce720676b282038a0bbb2
EpinelPS/LobbyServer/Soloraid/GetInfo.cs	576	43d29fc4e29a09844acc1a7eabeecf38ff6fc3097b924c527a5c34d837034de8
EpinelPS/LobbyServer/Soloraid/GetRankerSquad.cs	749	86439465fc9d61020d0e206e4527f6846e5b0842d7abd2c778579a56c40585dd
EpinelPS/LobbyServer/Soloraid/GetRanking.cs	730	1110f2de667bee4bc593c803d03eb3e80bc3ba6414c3771acbfb8515d6aba64e
EpinelPS/LobbyServer/Soloraid/SetDamageTrial.cs	2666	d6c973c7f0fc027ccb6c80fbfbd043b15f1ba6869e254b4ea9e1b4a7980d80a8
EpinelPS/LobbyServer/Soloraid/SoloRaidHelper.cs	38223	8413d740c0d39db2fe5f469a1cb19ba5c2fa61006655c24546976fdad186552c
EpinelPS/SoloRaidSelection/SoloRaidManagerSelectionResolver.cs	5962	995c084ad7eb3ea1102375ffd307acce9ad614eba35c2045aa0750d934126991
EpinelPS/SoloRaidSelection/ClassicSoloRaidRankingDamagePrefixResolver.cs	6179	af996f71eb37809d9d30f345ec8987db65eb9828854d5a20d3469f13f9863e11
tests/EpinelPS.SelectedManager.Tests/AdversarialScenarioScaffoldTests.cs	12511	d3ee67fded2d3a050d73f1f077df66be56bb4b925b7ca47aa92da153ae23d5fc
tests/EpinelPS.SelectedManager.Tests/ClassicRouteTestFixture.cs	2923	750c0af398e3ff4d9da516be1e1dd9d4fe610bb7e4681d4d6d54395124b446cc
tests/EpinelPS.SelectedManager.Tests/ClassicSoloRaidPeriodProviderTests.cs	5387	ea00463618fbe3fa3dc6e730586213f24732e66b7534144359c9a9cdca3afcf0
tests/EpinelPS.SelectedManager.Tests/ClassicSoloRaidRankingDamagePrefixResolverTests.cs	8926	295aeefa54b4787fa9795efb75730a1e76394ff58aec6ee7001f3770472759da
tests/EpinelPS.SelectedManager.Tests/SoloRaidCompatibilityProjectionTests.cs	1831	41e18952550a66ba8bb7cadaede0f3eeaf30ec6e98fc30796d8c57a3a45903cc
tests/EpinelPS.SelectedManager.Tests/SoloRaidDamageSourceObservationTests.cs	3986	30bd58c500fd8fb4d7fae09de2366f3d295dbd0f858fd863ff37e50d9413b049
tests/EpinelPS.SelectedManager.Tests/SoloRaidRetrySemanticsTests.cs	16028	d15a20ba10829333619f86666f236065d969508be5be38021c52e0674b84e5ee
tests/EpinelPS.SelectedManager.Tests/TrialPracticeWireOrderCharacterizationTests.cs	31112	9c4fe48c5c3826217b30e78ae0a109703893e959dc9dd3e8da05f5659e37902e
tests/EpinelPS.SelectedManager.Tests/WireShapeCharacterizationTests.cs	8109	a0fac6c1f2211905fa4076e88e5f3cf96c68e65da39b178bac9c604c25089be8
